{"cameraMode":{"drawMode":0,"name":"Shaded","section":"Shading Mode"},"sceneLighting":false,"audioPlay":false,"sceneViewState":{"m_AlwaysRefresh":false,"showFog":true,"showSkybox":false,"showFlares":true,"showImageEffects":true,"showParticleSystems":true,"showVisualEffectGraphs":true,"m_FxEnabled":true},"in2DMode":false,"pivot":{"x":2.8032352924346926,"y":0.23346376419067384,"z":0.3799913823604584},"rotation":{"x":-0.07822879403829575,"y":0.00657789409160614,"z":-0.0005100301932543516,"w":-0.9969233870506287},"size":2.628051280975342,"orthographic":false}