{"cameraMode":{"drawMode":0,"name":"Shaded","section":"Shading Mode"},"sceneLighting":false,"audioPlay":false,"sceneViewState":{"m_AlwaysRefresh":false,"showFog":true,"showSkybox":false,"showFlares":true,"showImageEffects":true,"showParticleSystems":true,"showVisualEffectGraphs":true,"m_FxEnabled":true},"in2DMode":false,"pivot":{"x":-0.03937327861785889,"y":0.13851892948150636,"z":0.05916953086853027},"rotation":{"x":-0.15227732062339784,"y":-0.2770622968673706,"z":0.04452607408165932,"w":-0.9477706551551819},"size":1.1660254001617432,"orthographic":false}