{"cameraMode":{"drawMode":0,"name":"Shaded","section":"Shading Mode"},"sceneLighting":true,"audioPlay":false,"sceneViewState":{"m_AlwaysRefresh":false,"showFog":true,"showSkybox":true,"showFlares":true,"showImageEffects":true,"showParticleSystems":true,"showVisualEffectGraphs":true,"m_FxEnabled":true},"in2DMode":false,"pivot":{"x":31.106386184692384,"y":-19.039161682128908,"z":17.660266876220704},"rotation":{"x":0.4995337426662445,"y":0.09991277754306793,"z":-0.05748562514781952,"w":0.8587258458137512},"size":19.190404891967775,"orthographic":true}