{"cameraMode":{"drawMode":0,"name":"Shaded","section":"Shading Mode"},"sceneLighting":true,"audioPlay":false,"sceneViewState":{"m_AlwaysRefresh":false,"showFog":true,"showSkybox":true,"showFlares":true,"showImageEffects":true,"showParticleSystems":true,"showVisualEffectGraphs":true,"m_FxEnabled":true},"in2DMode":false,"pivot":{"x":-6.460000038146973,"y":5.010000228881836,"z":-13.430000305175782},"rotation":{"x":0.11554820835590363,"y":0.010479506105184555,"z":-0.0009156445739790797,"w":0.9933218955993652},"size":1.7275022268295289,"orthographic":false}