{"cameraMode":{"drawMode":0,"name":"Shaded","section":"Shading Mode"},"sceneLighting":false,"audioPlay":false,"sceneViewState":{"m_AlwaysRefresh":false,"showFog":true,"showSkybox":false,"showFlares":true,"showImageEffects":true,"showParticleSystems":true,"showVisualEffectGraphs":true,"m_FxEnabled":true},"in2DMode":false,"pivot":{"x":-0.18422627449035645,"y":0.8510785102844238,"z":-0.02184736728668213},"rotation":{"x":-0.2516675591468811,"y":-0.36038267612457278,"z":0.10158591717481613,"w":-0.8925826549530029},"size":1.065363883972168,"orthographic":false}