{"cameraMode":{"drawMode":0,"name":"Shaded","section":"Shading Mode"},"sceneLighting":false,"audioPlay":false,"sceneViewState":{"m_AlwaysRefresh":false,"showFog":true,"showSkybox":false,"showFlares":true,"showImageEffects":true,"showParticleSystems":true,"showVisualEffectGraphs":true,"m_FxEnabled":true},"in2DMode":false,"pivot":{"x":-0.11774075031280518,"y":0.06571614742279053,"z":-0.10808134078979492},"rotation":{"x":-0.18852286040782929,"y":-0.28498077392578127,"z":0.05728115886449814,"w":-0.9381712079048157},"size":0.8660253882408142,"orthographic":false}