{"cameraMode":{"drawMode":0,"name":"Shaded","section":"Shading Mode"},"sceneLighting":false,"audioPlay":false,"sceneViewState":{"m_AlwaysRefresh":false,"showFog":true,"showSkybox":false,"showFlares":true,"showImageEffects":true,"showParticleSystems":true,"showVisualEffectGraphs":true,"m_FxEnabled":true},"in2DMode":false,"pivot":{"x":3.4224324226379396,"y":1.3661773204803467,"z":-2.884939670562744},"rotation":{"x":-0.23998120427131654,"y":-0.17162659764289857,"z":0.043158046901226047,"w":-0.9545304775238037},"size":0.9162303805351257,"orthographic":false}