{"cameraMode":{"drawMode":0,"name":"Shaded","section":"Shading Mode"},"sceneLighting":false,"audioPlay":false,"sceneViewState":{"m_AlwaysRefresh":false,"showFog":true,"showSkybox":false,"showFlares":true,"showImageEffects":true,"showParticleSystems":true,"showVisualEffectGraphs":true,"m_FxEnabled":true},"in2DMode":false,"pivot":{"x":-0.2352445125579834,"y":0.10408270359039307,"z":-0.11229455471038819},"rotation":{"x":-0.157833993434906,"y":-0.30639606714248659,"z":0.05160023272037506,"w":-0.9374173283576965},"size":0.8660253882408142,"orthographic":false}