{"cameraMode":{"drawMode":0,"name":"Shaded","section":"Shading Mode"},"sceneLighting":false,"audioPlay":false,"sceneViewState":{"m_AlwaysRefresh":false,"showFog":true,"showSkybox":false,"showFlares":true,"showImageEffects":true,"showParticleSystems":true,"showVisualEffectGraphs":true,"m_FxEnabled":true},"in2DMode":false,"pivot":{"x":-0.31996333599090578,"y":0.2279934585094452,"z":-0.228371262550354},"rotation":{"x":-0.14233849942684174,"y":-0.2417823225259781,"z":0.03588787466287613,"w":-0.9592683911323547},"size":0.8660253882408142,"orthographic":false}